EAN;Produto;Preço;Promoção;Link;Status
7897947600072;;;;;Não encontrado
7896523227412;;;;;Não encontrado
7893736013764;;;;;Não encontrado
8903855076812;;;;;Não encontrado
7898100243112;Broncodilatador, Expectorante e Fitoterápico Phitóss 7mg/ml 100ml;R$ 29,99;R$ 22,99;https://www.drogariasaopaulo.com.br/phitoss-7mg-ml-brasterapica-100ml-xarope/p;Encontrado
7896004762098;Lacday Lactase 10.000U.Fcc 8 Comprimidos Mastigáveis;;R$ 23,99;https://www.drogariasaopaulo.com.br/lacday-10000-8-crp-ems/p;Encontrado
7896006290162;Colírio Glaucotrat 6,8mg/ml União Química 5ml;R$ 16,82;R$ 15,59;https://www.drogariasaopaulo.com.br/glaucotrat-05-uniao-quimica-colirio-5ml/p;Encontrado
7896015591946;Leite de Magnésia EnoMagno Tradicional 350ml;R$ 32,90;R$ 24,68;https://www.drogariasaopaulo.com.br/leite-de-magnesia-eno-tradicional-350ml/p;Encontrado
5702191025620;Icaden 10mg/g Leo Pharma 20g Creme;R$ 52,34;R$ 51,59;https://www.drogariasaopaulo.com.br/icaden-creme-bayer-20g/p;Encontrado
7896523213989;Giblenclamida 5mg Genérico Cimed 30 Comprimidos;R$ 15,10;R$ 4,09;https://www.drogariasaopaulo.com.br/glibenclamida-5mg-30-comprimidos-g-cimed/p;Encontrado
7897705201831;Insulina Novorapid FlexPen 100UI/ml Novo Nordisk 3ml 1 Carpule;R$ 66,52;R$ 49,00;https://www.drogariasaopaulo.com.br/insulina-novorapid-flexpen-novo-nordisk-1-caneta-descartavel-3ml/p;Encontrado
7898029551787;Daflon 500mg Servier 60 Comprimidos Revestidos;R$ 227,80;R$ 189,99;https://www.drogariasaopaulo.com.br/daflon-500mg-servier-60-comprimidos-revestidos/p;Encontrado
7896004750330;Olmesartana Medoxomila 20mg + Hidroclorotiazida 12,5mg Genérico EMS 30 Comprimidos;R$ 59,87;R$ 38,83;https://www.drogariasaopaulo.com.br/olmesartana-medoxomila---hidroclorotiazida-20mg---12-5mg-generico-ems-30-comprimidos/p;Encontrado
7896637031509;Inilok 40mg Apsen 30 Comprimidos;;R$ 68,90;https://www.drogariasaopaulo.com.br/inilok-40mg-apsen-30-comprimidos/p;Encontrado
7896261012929;Galvus 50mg Novartis Biociências 28 Comprimidos;R$ 134,01;R$ 110,87;https://www.drogariasaopaulo.com.br/galvus-50mg-novartis-biociencias-28-comprimidos/p;Encontrado
7895296393027;Secnidazol 1000mg Genérico Nova Química 2 Comprimidos;R$ 29,95;R$ 19,19;https://www.drogariasaopaulo.com.br/secnidazol-1000mg-generico-nova-quimica-2-comprimidos/p;Encontrado
7897129300059;Anti-inflamatório Camomilina C 25mg + 5mg + 25mg + 150UI 20 Cápsulas;R$ 64,69;R$ 59,51;https://www.drogariasaopaulo.com.br/camomilina-c-20-capsulas/p;Encontrado
7896006215714;;;;;Não encontrado
7898965398576;;;;;Não encontrado
7898148291298;Metformina 850mg Genérico Prati 30 Comprimidos;R$ 7,98;R$ 6,19;https://www.drogariasaopaulo.com.br/metformina-850mg-generico-30-capsulas/p;Encontrado
7896006200895;;;;;Não encontrado
7896004706474;Glibenclamida 5mg Genérico EMS 30 comprimidos;R$ 15,19;R$ 3,93;https://www.drogariasaopaulo.com.br/glibenclamida-5mg-generico-ems-30-comprimidos/p;Encontrado
7896112140931;;;;;Não encontrado
7899551301284;Ezetimiba 10mg Genérico Arrow 30 Comprimidos;R$ 77,78;R$ 36,99;https://www.drogariasaopaulo.com.br/ezetimiba-10mg-generico-arrow-30-comprimidos/p;Encontrado
7899824400928;Colpist Mt 62,5mg/g + 25.000UI/g + 1,25mg/g Arese 40g Creme Vaginal + 10 Aplicadores;R$ 48,90;R$ 44,99;https://www.drogariasaopaulo.com.br/colpist-mt-creme-vaginal-apsen-40g-10-aplicadores/p;Encontrado
7896093001177;;;;;Não encontrado
7898075318259;;;;;Não encontrado
7898593052437;Vitamina K2 125mcg Maxinutri 60 Cápsulas;R$ 65,99;R$ 62,49;https://www.drogariasaopaulo.com.br/vitamina-k2-125mcg-maxinutri-60-capsulas/p;Encontrado
7898582290857;;;;;Não encontrado
7897316801154;Colírio Atropina 10mg/ml Allergan 5ml;;R$ 13,99;https://www.drogariasaopaulo.com.br/colirio-atropina-10-allergan-5ml/p;Encontrado
7896658006043;Diosmin 450mg + 50mg Aché 30 Comprimidos;;R$ 68,66;https://www.drogariasaopaulo.com.br/diosmin-450mg-50mg-ache-30-comprimidos/p;Encontrado
7896004729435;Atorvastatina 20mg Genérico EMS 30 Cápsulas;R$ 82,06;R$ 16,59;https://www.drogariasaopaulo.com.br/atorvastatina-20mg-generico-ems-30-capsulas/p;Encontrado
5000456073240;Edistride 10mg Aché 30 Comprimidos;;R$ 236,94;https://www.drogariasaopaulo.com.br/edistride-10mg-ache-30-comprimidos/p;Encontrado
7896112158363;Ibupril 600mg Teuto 20 Comprimidos;R$ 25,01;R$ 13,79;https://www.drogariasaopaulo.com.br/ibupril-600mg-teuto-20-comprimidos/p;Encontrado
7897947601413;;;;;Não encontrado
7896004821542;Piotaz 30mg Brace Pharma 60 Comprimidos;;R$ 95,21;https://www.drogariasaopaulo.com.br/piotaz-30mg-brace-pharma-60-comprimidos/p;Encontrado
7898636193882;Isotônico Sorox Frutas Vermelhas Zero Açúcar 550ml;;R$ 12,99;https://www.drogariasaopaulo.com.br/isotonico-sorox-frutas-vermelhas-zero-acucar-550ml/p;Encontrado
7896004720937;Dipropionato Betametasona 0,64mg/ml + Ácido Salicílico 20mg/ml Genérico Germed 30ml Solução;R$ 31,87;R$ 24,59;https://www.drogariasaopaulo.com.br/dipropionato-betametasona-acido-salicilico-natures-plus-30ml-solucao-top/p;Encontrado
7891106915076;Aspirina Prevent 100mg Bayer 100 Comprimidos;R$ 73,50;R$ 59,49;https://www.drogariasaopaulo.com.br/aspirina-prevent-100mg-bayer-100-comprimidos/p;Encontrado
7896226500829;;;;;Não encontrado
7891025121480;Nutridrink Protein Senior Café com Leite 750g;R$ 128,99;R$ 115,63;https://www.drogariasaopaulo.com.br/composto-lacteo-nutridrink-protein-senior-frutas-cafe-com-leite-750g/p;Encontrado
7899095200586;Colírio Lubrificante Hiluropt 1,5mg/ml 10ml;R$ 50,65;R$ 46,60;https://www.drogariasaopaulo.com.br/hiluropt-1-5mg-gbio-10ml-solucao-oftalmica/p;Encontrado
7896094912991;Antiácido Estomazil Sabor Laranja 5g Pó Efervescente;R$ 3,48;R$ 2,99;https://www.drogariasaopaulo.com.br/estomazil-laranja-envelope-neo-quimica-5g/p;Encontrado
7891721202810;Levotiroxina Sódica 50mcg Genérico Merck S/A 30 Comprimidos;R$ 12,29;R$ 10,00;https://www.drogariasaopaulo.com.br/levotiroxina-sodica-50mcg-generico-merck-sharp-30-comprimidos/p;Encontrado
7898949253686;Aparelho De Pressão Digital de Pulso Hem-6181 Omron 1 Unidade;R$ 159,99;R$ 155,10;https://www.drogariasaopaulo.com.br/aparelho-de-pressao-digital-de-pulso-hem-6181-omron-1-unidade/p;Encontrado
7898146825280;Fumarato de Quetiapina 25mg Genérico Biolab 30 Comprimidos;R$ 55,26;R$ 26,99;https://www.drogariasaopaulo.com.br/fumarato-de-quetiapina-25mg-actavis-30-comprimidos/p;Encontrado
7896004711195;Pomada para Assadura Nistatina + Oxido de Zinco Genérico EMS 60g;;R$ 24,32;https://www.drogariasaopaulo.com.br/nistatina-oxido-de-zinco-pomada-60g-generico-ems/p;Encontrado
7891721202988;Levotiroxina Sódica 25mcg Genérico Merck S/A 30 Comprimidos;;R$ 11,13;https://www.drogariasaopaulo.com.br/levotiroxina-sodica-25mcg-generico-merck-sharp-30-comprimidos/p;Encontrado
7891058005467;Targifor C Vitamina C e Arginina Sanofi 16 Comprimidos Efervescentes;R$ 48,99;R$ 47,55;https://www.drogariasaopaulo.com.br/suplemento-vitaminico-targifor-c-sanofi-16-comprimidos-efervescentes/p;Encontrado
7896523215273;Sinvastatina 40mg Genérico Cimed 30 Comprimidos;R$ 59,14;R$ 17,62;https://www.drogariasaopaulo.com.br/sinvastatina-40mg-generico-cimed-30-comprimidos/p;Encontrado
7896094928176;Analgésico Buscopan Pediátrico 10mg/ml 20ml Gotas;;R$ 21,59;https://www.drogariasaopaulo.com.br/buscopan-pediatrico-10mg-ml-cosmed-1-frasco-gotejador-com-20ml-de-solucao---seringa-dosadora/p;Encontrado
7896112194576;Dexametasona 4mg Genérico Teuto 10 Comprimidos;R$ 15,76;R$ 11,79;https://www.drogariasaopaulo.com.br/dexametasona-4mg-generico-teuto-10-comprimidos/p;Encontrado
7896523201399;Nitrato De Miconazol 20mg/g Genérico Cimed 28g Creme Dermatológico;R$ 20,32;R$ 7,35;https://www.drogariasaopaulo.com.br/nitrato-de-miconazol-20mg-g-generico-cimed-28g-creme-dermatologico/p;Encontrado
7896004782768;;;;;Não encontrado
7896112402282;;;;;Não encontrado
7896004710679;Meloxicam 15,0mg Genérico EMS 10 Comprimidos;R$ 39,33;R$ 20,99;https://www.drogariasaopaulo.com.br/meloxicam-150mg-generico-ems-10-comprimidos/p;Encontrado
7891106913898;Androcur 100mg Bayer 20 Comprimidos;R$ 466,88;R$ 378,17;https://www.drogariasaopaulo.com.br/androcur-100mg-bayer-20-comprimidos/p;Encontrado
7898037086639;Anti-inflamatório Belladona D1/25g 25g Pomada;;R$ 46,99;https://www.drogariasaopaulo.com.br/belladona-officinalis-25g-almeida-prado-pomada/p;Encontrado
7891317021948;Drospirenona 3mg + Etinilestradiol 0,03mg Genérico Eurofarma 21 Comprimidos;R$ 53,76;R$ 24,69;https://www.drogariasaopaulo.com.br/drospirenona---etinilestradiol-3mg---0-03mg-generico-eurofarma-21-comprimidos/p;Encontrado
7891721202858;Levotiroxina Sódica 100mcg Genérico Merck S/A 30 Comprimidos;R$ 10,49;R$ 9,77;https://www.drogariasaopaulo.com.br/levotiroxina-sodica-100mcg-generico-merck-sharp-30-comprimidos/p;Encontrado
7898040322120;Ultrafer 50mg/ml Farmoquimica 30ml Gotas;R$ 49,95;R$ 42,99;https://www.drogariasaopaulo.com.br/ultrafer-gotas-farmoquimica-30ml/p;Encontrado
7891317020576;Divalproato de Sódio 500mg Eurofama 30 Comprimido;;R$ 95,80;https://www.drogariasaopaulo.com.br/divalproato-de-sodio-500mg-eurofama-30-comprimido/p;Encontrado
7896009498442;;;;;Não encontrado
7896658001079;Cefaliv 1mg + 100mg + 350mg Aché 12 Comprimidos;R$ 22,78;R$ 19,19;https://www.drogariasaopaulo.com.br/cefaliv-ache-12-comprimidos/p;Encontrado
7896004706368;Clortalidona 25mg Genérico EMS 60 Comprimidos;R$ 36,16;R$ 28,49;https://www.drogariasaopaulo.com.br/clortalidona-25mg-generico-ems-60-comprimidos/p;Encontrado
7898029558755;Vastarel 80mg Servier 30 Cápsulas;R$ 218,34;R$ 200,96;https://www.drogariasaopaulo.com.br/vastarel-80mg-servier-30-capsulas/p;Encontrado
7898049796168;Fluconazol 150mg Genérico Vitamedic 2 Cápsulas;R$ 19,38;R$ 6,26;https://www.drogariasaopaulo.com.br/fluconazol-150mg-generico-vitamedic-2-capsulas/p;Encontrado
7896004703480;Metildopa 250mg Genérico EMS 30 Comprimidos;R$ 29,72;R$ 25,29;https://www.drogariasaopaulo.com.br/metildopa-250mg-generico-ems-30-comprimidos/p;Encontrado
7891317036973;Bup XL 300mg Eurofarma 60 Comprimidos de Liberação Prolongada;R$ 218,51;R$ 199,97;https://www.drogariasaopaulo.com.br/bup-xl-300mg-eurofarma-60-comprimidos-de-liberacao-prolongada/p;Encontrado
7894916515290;Patz SL 10mg EMS 30 Comprimidos Sublinguais;R$ 154,67;R$ 153,99;https://www.drogariasaopaulo.com.br/patz-10mg-ems-30-comprmidos/p;Encontrado
7896004739588;Hemifumarato De Bisoprolol 5mg Genérico EMS 30 Comprimidos;R$ 59,43;R$ 33,99;https://www.drogariasaopaulo.com.br/hemifumarato-de-bisoprolol-5-ems-30-comprimidos/p;Encontrado
7896658005336;Flogo-Rosa 53,2mg/g Aché 10 Envelopes Pó;R$ 56,19;R$ 54,99;https://www.drogariasaopaulo.com.br/flogo-rosa-po-10-envelopes/p;Encontrado
7899095202313;Optilar 5mg/ml Gbio 5ml;R$ 42,00;R$ 37,99;https://www.drogariasaopaulo.com.br/optilar-5mg-ml-geolab-5ml/p;Encontrado
7896004700540;Maleato Enalapril 20mg Genérico Ems 30 Comprimidos;R$ 36,01;R$ 13,79;https://www.drogariasaopaulo.com.br/maleato-enalapril-20mg-30-comprimidos-generico/p;Encontrado
7896523201801;Shampoo Cetoconazol 20mg/ml Genérico 100ml;R$ 30,56;R$ 26,29;https://www.drogariasaopaulo.com.br/shampoo-cetoconazol-20mgml-generico-100ml/p;Encontrado
7896004722177;Hemifumarato de Bisoprolol 2,5mg Genérico EMS 30 Comprimidos;R$ 48,83;R$ 32,99;https://www.drogariasaopaulo.com.br/hemifumarato-de-bisoprolol-2-5-ems-30-comprimidos/p;Encontrado
7897316806388;Colírio Hidratante e Lubrificante Optive 15ml;R$ 79,59;R$ 71,99;https://www.drogariasaopaulo.com.br/optive-soluca-esteril-allergan-15ml/p;Encontrado
7894916516006;Toragesic SL 10mg EMS 10 Comprimidos Sublingual;R$ 36,61;R$ 32,49;https://www.drogariasaopaulo.com.br/toragesic-comprimido-sublingual-10mg-ems-10-comprimidos/p;Encontrado
7891317015343;;;;;Não encontrado
7896112405818;Pitavastatina Cálcica 2mg Genérico Biolab 30 Comprimidos;R$ 102,57;R$ 76,49;https://www.drogariasaopaulo.com.br/pitavastatina-calcica-2mg-generico-biolab-30-comprimidos/p;Encontrado
7898148292806;Sulfato de Neomicina Genérico Prati Donaduzzi 20gr Pomada;R$ 17,68;R$ 12,19;https://www.drogariasaopaulo.com.br/sulfato-de-neomicina-generico-prati-donaduzzi-20g-pomada/p;Encontrado
7896004759692;Clonazepam 2mg Genérico EMS 60 Comprimidos;R$ 39,83;R$ 11,59;https://www.drogariasaopaulo.com.br/clonazepam-2mg-generico-ems-60-comprimidos/p;Encontrado
7896523228204;;;;;Não encontrado
7898582382354;Suplemento Damater Caixa 30 Cápsulas Gelatinosas;R$ 83,99;R$ 82,49;https://www.drogariasaopaulo.com.br/suplemento-damater-caixa-30-capsulas-gelatinosas/p;Encontrado
7896004709871;Cloridrato de Clomipramina 25mg Genérico Germed 20 Comprimidos;R$ 37,71;R$ 25,29;https://www.drogariasaopaulo.com.br/cloridrato-de-clomipramina-25mg-generico-germed-20-comprimidos/p;Encontrado
7896212479689;Stugeron 75mg Janssen 30 Comprimidos;R$ 38,90;R$ 34,99;https://www.drogariasaopaulo.com.br/stugeron-75mg-30-comprimidos/p;Encontrado
7899095204072;Oftalmox 5mg/ml Gbio 5ml Solução Oftálmica Estéril;R$ 35,84;R$ 30,99;https://www.drogariasaopaulo.com.br/oftalmox-5mg-ml-geolab-5ml-solucao-oftalmica-esteril-/p;Encontrado
7898636193509;Isotônico Sorox Bebida Hidratante Tangerina 8 Íons Zero Açucar 550ml;;R$ 12,99;https://www.drogariasaopaulo.com.br/isotonico-sorox-bebida-hidratante-tangerina-8-ions-zero-acucar-550ml/p;Encontrado
7891058005825;Cloridrato de Trazodona 150mg Genérico Medley 30 Comprimidos;R$ 122,03;R$ 115,99;https://www.drogariasaopaulo.com.br/cloridrato-de-trazodona-150mg-generico-medley-30-comprimidos/p;Encontrado
7896004743967;Esomeprazol Magnésio 40mg Genérico Germed 28 Comprimidos Revestidos;R$ 316,26;R$ 83,49;https://www.drogariasaopaulo.com.br/esomeprazol-magnesio-40mg-generico-germed-28-comprimidos-revestidos/p;Encontrado
7896004703633;Lansoprazol 30mg Genérico EMS 28 Cápsulas;R$ 128,35;R$ 29,69;https://www.drogariasaopaulo.com.br/lansoprazol-30mg-generico-ems-28-capsulas/p;Encontrado
7896046300708;Arulatan 50mcg/ml Bausch Lomb 2,5ml Solução Oftálmica;R$ 172,34;R$ 155,99;https://www.drogariasaopaulo.com.br/arulatan-latanoprosta-50mcg-ml-bausch-lomb-2-5ml/p;Encontrado
7896006298342;Varylift 1000mg Uniao Química 30 Comprimidos Revestidos;;;https://www.drogariasaopaulo.com.br/varylift-1000mg-uniao-quimica-30-comprimidos-revestidos/p;Encontrado
7896112104568;;;;;Não encontrado
7898146825358;Hemifumarato de Quetiapina 100mg Genérico Biolab 30 Comprimidos;R$ 148,16;R$ 47,99;https://www.drogariasaopaulo.com.br/fumarato-de-quetiapina-100mg-generico-actavis-30-comprimidos/p;Encontrado
7896006210221;Acetilcisteína Xarope 20mg/mL Genérico União Química 1 Frasco com 120mL + Copo Medidor;R$ 32,62;R$ 27,92;https://www.drogariasaopaulo.com.br/acetilcisteina-xarope-20mg-ml-generico-uniao-quimica-1-frasco-com-120ml---copo-medidor/p;Encontrado
7896422507738;Losartana Monopotássica 50,0mg Genérico Medley 30 Comprimidos;R$ 18,94;R$ 7,59;https://www.drogariasaopaulo.com.br/losartana-monopotassica-500mg-generico-medley-30-comprimidos/p;Encontrado
7896006222675;Florastor União Química 12 Cápsulas;;R$ 24,87;https://www.drogariasaopaulo.com.br/florastor-uniao-quimica-12-capsulas/p;Encontrado
7891142982155;Antigripal, Analgésico e Descongestionante Coristina D Pro 400mg + 4mg + 4mg 8 Comprimidos;;R$ 23,99;https://www.drogariasaopaulo.com.br/coristina-d-pro-400mg--4mg--4mg-cosmed-8-comprimidos/p;Encontrado
7898636193516;Isotônica Sorox Bebida Hidratante Uva 8 Íons Zero Açucar 550ml;;R$ 12,99;https://www.drogariasaopaulo.com.br/isotonica-sorox-bebida-hidratante-uva-8-ions-zero-acucar-550ml/p;Encontrado
7898488470018;;;;;Não encontrado
7896523206479;Ginkomed 80mg Cimed 30 Comprimidos Revestidos;R$ 38,08;R$ 35,99;https://www.drogariasaopaulo.com.br/ginkomed-80mg-cimed-30-comprimidos-revestidos/p;Encontrado
7897705203095;Wegovy 1mg Novo Nordisk 4 Doses Injetáveis;;R$ 1.299,70;https://www.drogariasaopaulo.com.br/wegovy-1mg-novo-nordisk-4-doses-injetaveis/p;Encontrado
7896658021268;Artrolive 1500mg + 1200mg Aché 4g 30 Envelopes;R$ 141,29;R$ 124,99;https://www.drogariasaopaulo.com.br/artrolive-granulado-ache-30-saches-de-4g-cada/p;Encontrado
7896004790169;;;;;Não encontrado
7896004801216;Antisséptico Cystex 15mg + 250mg + 20mg 24 Drágeas;R$ 48,71;R$ 31,99;https://www.drogariasaopaulo.com.br/cystex-ems-24-drageas/p;Encontrado
7896023727825;;;;;Não encontrado
7896004732916;;;;;Não encontrado
618231025930;;;;;Não encontrado
7897947600553;;;;;Não encontrado
7896006297338;;;;;Não encontrado
7896658008764;Levoid 50mcg Aché 30 Comprimidos;R$ 20,94;R$ 19,00;https://www.drogariasaopaulo.com.br/levoid-50mcg-ache-30-comprimidos/p;Encontrado
7896422512961;Cloridrato Fluoxetina 20mg/ml Genérico Medley 20ml Gotas;R$ 44,60;R$ 23,59;https://www.drogariasaopaulo.com.br/cloridrato-fluoxetina-generico-medley-20ml/p;Encontrado
7891317124038;Olmesartana Medoxomila 40mg + Hidroclorotiazida 25mg Genérico Eurofarma 30 comprimidos;R$ 68,20;R$ 50,79;https://www.drogariasaopaulo.com.br/olmesartana-medoxomila-40mg-hidroclorotiazida-25mg-generico-eurofarma-30-comprimidos/p;Encontrado
7891106916554;Sabonete Líquido Íntimo Gino-Canesten Diário Triplo Cuidado Suave 200ml;R$ 33,59;R$ 29,60;https://www.drogariasaopaulo.com.br/sabonete-liquido-intimo-gino-canesten-diario-triplo-cuidado-suave-200ml/p;Encontrado
7891158000942;Depakene 250mg Abbott 25 Cápsulas;R$ 35,81;R$ 31,18;https://www.drogariasaopaulo.com.br/depakene-250mg-25-capsulas/p;Encontrado
7896004817569;Analgésico, Antirreumático, Relaxante Muscular e Anti-inflamatório Bálsamo Bengué 0,10g + 0,15g 20g Pomada;R$ 26,67;R$ 18,50;https://www.drogariasaopaulo.com.br/balsamo-bengue-pomada-20g/p;Encontrado
7898040322748;Ultrafer 100mg Farmoquímica 30 Comprimidos;R$ 75,50;R$ 65,83;https://www.drogariasaopaulo.com.br/ultrafer-30-comprimidos/p;Encontrado
7891317193164;Itraconazol 100mg Genérico Eurofarma 15 Cápsulas;R$ 135,66;R$ 63,99;https://www.drogariasaopaulo.com.br/itraconazol-100mg-generico-eurofarma-15-capsulas/p;Encontrado
7896004789408;Brixag 2mg/ml Legrand 5ml Solução Oftálmica Estéril;R$ 110,24;R$ 102,99;https://www.drogariasaopaulo.com.br/brixag-2mg-ml-legrand-5ml-solucao-oftalmica-esteril-/p;Encontrado
7891317020507;Gaba ER 250mg Eurofarma 30 Comprimidos;R$ 34,27;R$ 33,65;https://www.drogariasaopaulo.com.br/gaba-er-250mg-eurofarma-30-comprimidos/p;Encontrado
7896004815077;Suplemento Vitamínico Natus Gerin Legrand 50 Cápsulas;R$ 105,59;R$ 67,90;https://www.drogariasaopaulo.com.br/natus-gerin-legrand-50-capsulas/p;Encontrado
7896004820521;;;;;Não encontrado
7896094916227;Analgésico e Antitérmico Lisador Dip 1g 10 Comprimidos;R$ 25,27;R$ 15,90;https://www.drogariasaopaulo.com.br/lisador-dip-1g-10-comprimidos-hypermarcas/p;Encontrado
7896094201460;Natifa 1mg Libbs 28 Comprimidos;R$ 76,13;R$ 54,24;https://www.drogariasaopaulo.com.br/natifa-1mg-28-comprimidos/p;Encontrado
7896004761299;;;;;Não encontrado
7896658019005;Antialérgico Esalerg 5mg 30 comprimidos;R$ 132,44;R$ 112,99;https://www.drogariasaopaulo.com.br/esalerg-5mg-ache-30-comprimidos-revestidos/p;Encontrado
7896004708942;Espironolactona 25mg Genérico EMS 30 Comprimidos;;;https://www.drogariasaopaulo.com.br/espironolactona-25mg-generico-ems-30-comprimidos/p;Encontrado
7896006214441;Antigases Simeticona 125mg Genérico União Química 10 Cápsulas;R$ 8,09;R$ 5,99;https://www.drogariasaopaulo.com.br/simeticona-125mg-generico-uniao-quimica-10-capsulas/p;Encontrado
7895296219020;;;;;Não encontrado
7897316806371;Colírio Hidratante e Lubrificante Optive 10ml;R$ 53,59;R$ 47,99;https://www.drogariasaopaulo.com.br/optive-soluca-esteril-allergan-10ml/p;Encontrado
7891317002503;Cetoconazol 20mg/g + Dipropionato de Betametasona 0,5mg/g + Sulfato de Neomicina 2,5mg/g Genérico Eurofarma 30g Creme;R$ 29,75;R$ 13,99;https://www.drogariasaopaulo.com.br/cetoconazol-dipropionato-de-betametasona-sulfato-de-neomicina-generico-eurofarma-creme-30g/p;Encontrado
7896006297352;Triquilar 0,05mg + 0,03mg + 0,075mg + 0,04mg + 0,125mg + 0,03mg Genom 3 Blísters 21 Comprimidos;R$ 38,79;R$ 20,79;https://www.drogariasaopaulo.com.br/triquilar-genom-3-blisters-21-comprimidos-cada/p;Encontrado
7891317488352;Irbesartana 150mg + Hidroclorotiazida 12,5mg Genérico Eurofarma 30 Cápsulas;R$ 141,45;R$ 101,99;https://www.drogariasaopaulo.com.br/irbesartana-150mg-hidroclorotiazida-12-5mg-eurofarma-generico-30-capsulas/p;Encontrado
7891045039987;;;;;Não encontrado
7896658005145;Prelone 20mg Aché 10 Comprimidos;R$ 34,10;R$ 33,99;https://www.drogariasaopaulo.com.br/prelone-20mg-10-comprimidos/p;Encontrado
7899620915039;;;;;Não encontrado
7896422504621;Zinpass Eze 10mg + 10mg Medley 30 Comprimidos;R$ 91,10;R$ 72,76;https://www.drogariasaopaulo.com.br/zinpass-10mg-medley-30-comprimidos/p;Encontrado
7896070600126;Amplictil 100mg Sanofi Aventis 20 Comprimidos;R$ 15,15;R$ 12,99;https://www.drogariasaopaulo.com.br/amplictil-100mg-sanofi-aventis-20-comprimidos/p;Encontrado
7896658006760;Anestésico, Anti-inflamatório e Analgésico Flogoral 1,5mg/ml 150ml Menta;R$ 33,09;R$ 26,89;https://www.drogariasaopaulo.com.br/flogoral-150ml-colutorio-menta/p;Encontrado
7896637033947;Atentah 10mg Apsen 30 Cápsulas;;R$ 29,99;https://www.drogariasaopaulo.com.br/atentah-10mg-apsen-30-capsulas/p;Encontrado
7896714239712;Vertigium 10mg Neo Química 50 Comprimidos;R$ 16,29;R$ 14,99;https://www.drogariasaopaulo.com.br/vertigium-10mg-elite-50-comprimidos/p;Encontrado
7896112408970;Semtri 100mg Biolab 60 Comprimidos;R$ 233,09;R$ 202,93;https://www.drogariasaopaulo.com.br/semtri-100mg-biolab-60-comprimidos/p;Encontrado
7891317478810;Betaistina 24mg Genérico Eurofarma 30 Comprimidos Revestidos;R$ 38,58;R$ 24,59;https://www.drogariasaopaulo.com.br/betaistina-24mg-generico-eurofarma-30-comprimidos-revestidos/p;Encontrado
7896112422174;Novanlo 2,5mg Biolab 90 Comprimidos;R$ 151,36;R$ 105,92;https://www.drogariasaopaulo.com.br/novanlo-2-5mg-biolab-90-comprimidos/p;Encontrado
7896181907176;Busonid 50mcg/dose Aché 6ml 120 Doses Solução Nasal;R$ 47,24;R$ 40,99;https://www.drogariasaopaulo.com.br/busonid-50mcg-aquoso-nasal-120-doses/p;Encontrado
7896004706573;Celergin 0,25mg + 2mg EMS 20 Comprimidos;R$ 27,93;R$ 20,99;https://www.drogariasaopaulo.com.br/celergin-ems-20-comprimidos/p;Encontrado
7891058016999;Probiótico Enterogermina 5ml Sanofi 10 Frascos;R$ 49,99;R$ 43,99;https://www.drogariasaopaulo.com.br/probiotico-enterogermina-5ml-sanofi-10-frascos/p;Encontrado
7899095263215;;;;;Não encontrado
5702157108220;Clopixol Acuphase 50mg Lundbeck 1ml;R$ 60,85;R$ 58,00;https://www.drogariasaopaulo.com.br/clopixol-acuphase-50mg-lundbeck-1ml/p;Encontrado
7896004705590;Cetoconazol 20mg/g + Dipropionato Betametasona 0,5mg/g + Sulfato de Neomicina 2,5mg/g Genérico EMS 30g Pomada;R$ 35,63;R$ 16,89;https://www.drogariasaopaulo.com.br/cetoconazol-dipropionato-betametasona-sulfato-de-neomicina-20mgg-pomada-30g/p;Encontrado
7896015560331;Antiácido Sal de Fruta Eno Laranja 100g;R$ 30,42;R$ 19,90;https://www.drogariasaopaulo.com.br/sal-de-fruta-eno-laranja-frasco-100g/p;Encontrado
7898495603577;;;;;Não encontrado
7896226504995;;;;;Não encontrado
7896004747576;;;;;Não encontrado
7896206402853;Selozok 25mg AstraZeneca 30 Comprimidos;R$ 42,39;R$ 37,99;https://www.drogariasaopaulo.com.br/selozok-25mg-astrazeneca-30-comprimidos/p;Encontrado
7894916550123;Tenadren 80mg+25,0mg EMS 30 Comprimidos;R$ 28,31;R$ 25,73;https://www.drogariasaopaulo.com.br/tenadren-80mg-25-0mg-ems-30-comprimidos/p;Encontrado
7891058059149;Plasil 10mg Sanofi Aventis 20 Comprimidos;R$ 14,45;R$ 12,99;https://www.drogariasaopaulo.com.br/plasil-10mg-sanofi-aventis-20-comprimidos/p;Encontrado
7896004727233;Ciclopirox Olamina 10mg/Ml Genérico EMS 15ml Solução Tópica;R$ 35,99;R$ 12,76;https://www.drogariasaopaulo.com.br/ciclopirox-olamina-10mgml-generico-ems-15ml-solucao-topica/p;Encontrado
7897322701738;Maxsulid 400mg Cosmed 10 Comprimidos;R$ 51,01;R$ 41,99;https://www.drogariasaopaulo.com.br/maxsulid-400mg-mantecorp-farmasa-10-comprimidos/p;Encontrado
7896311706426;Whey Protein Isolado 900g - Chocolate;R$ 379,00;R$ 284,87;https://www.drogariasaopaulo.com.br/whey-protein-isolado-900g-935334696/p;Encontrado
7896112406778;Antigases Simeticona 125mg 15 Cápsulas Gelatinosas;;R$ 8,99;https://www.drogariasaopaulo.com.br/simeticona-125mg-biolab-15-capsulas-gelatinosas/p;Encontrado
7894916510011;Bramicar HCT 80mg + 12,5mg EMS 30 Comprimidos;;R$ 107,54;https://www.drogariasaopaulo.com.br/bramicar-hct-80mg125mg-30-comprimidos-ems/p;Encontrado
7898146823064;Carvedilol 12,5mg Genérico Biolab 30 Comprimidos;R$ 34,46;R$ 22,39;https://www.drogariasaopaulo.com.br/carvedilol-12-5mg-generico-biolab-30-comprimidos/p;Encontrado
7896637032926;Xafac 2,5mg Apsen 60 Comprimidos Revestidos;R$ 146,68;R$ 130,99;https://www.drogariasaopaulo.com.br/xafac-25mg-apsen-60-comprimidos-revestidos/p;Encontrado
7896004712925;Clonazepam 2,5mg/ml Genérico Germed 20ml Gotas;R$ 17,81;R$ 12,99;https://www.drogariasaopaulo.com.br/clonazepam-2-5mg-ml-generico-germed-20ml-gotas/p;Encontrado
7891106001946;Aspirina Prevent 100mg Bayer 30 Comprimidos;R$ 24,47;R$ 19,99;https://www.drogariasaopaulo.com.br/aspirina-prevent-100mg-bayer-30-comprimidos/p;Encontrado
7896658029806;Suplemento Combi Ad Ache 30ml;R$ 76,59;R$ 73,99;https://www.drogariasaopaulo.com.br/combi-ad-30ml-mais-pipeta-ache/p;Encontrado
7891721202834;Levotiroxina Sódica 75mcg Genérico Merck 30 Comprimidos;R$ 13,44;R$ 11,37;https://www.drogariasaopaulo.com.br/levotiroxina-sodica-75mcg-generico-merck-30-comprimidos/p;Encontrado
7896658046377;Colágeno Profuse Semblé Collagen Ultra 30 Sachês;R$ 179,59;R$ 89,49;https://www.drogariasaopaulo.com.br/colageno-profuse-semble-collagen-ultra-30-saches/p;Encontrado
7897595903273;;;;;Não encontrado
7892828000019;;;;;Não encontrado
7896004715049;;;;;Não encontrado
7896006280507;Analgésico e Anti-Inflamatório Topcoid 5mg/g 40g;R$ 36,06;R$ 28,59;https://www.drogariasaopaulo.com.br/topcoid-gel-5mg-uniao-quimica-40g/p;Encontrado
7898108640531;;;;;Não encontrado
7891317485764;Duomo Hp 2mg + 5mg Eurofarma 60 Cápsulas;R$ 205,55;R$ 166,99;https://www.drogariasaopaulo.com.br/duomo-hp-2mg--5mg-eurofarma-60-capsulas/p;Encontrado
7897595602589;Atenolol 50mg Genérico Sandoz 30 Comprimidos;R$ 25,84;R$ 6,08;https://www.drogariasaopaulo.com.br/atenolol-50mg-generico-sandoz-30-comprimidos/p;Encontrado
7897512902457;;;;;Não encontrado
7897780203669;;;;;Não encontrado
7898665750025;;;;;Não encontrado
7896004789828;;;;;Não encontrado
7891058003579;Puran T4 62,5mcg Sanofi Aventis 30 Comprimidos Revestidos;;R$ 15,98;https://www.drogariasaopaulo.com.br/puran-t4-62-5mcg-sanofi-aventis-30-comprimidos-revestidos/p;Encontrado
7898582380183;Belara 2mg + 0,03mg Grunenthal 21 Comprimidos;R$ 65,50;R$ 56,99;https://www.drogariasaopaulo.com.br/belara-blister-2mg-3mg-johnson-saude-21-comprimidos/p;Encontrado
7896006230052;Colírio Drusolol 20mg/ml + 5mg/ml União Química 5ml;R$ 104,01;R$ 73,49;https://www.drogariasaopaulo.com.br/drusolol-colirio-5ml/p;Encontrado
7896094914155;;;;;Não encontrado
7891142136596;;;;;Não encontrado
7891317490003;Promestrieno 10mg/g Genérico Eurofarma 30g + 20 aplicadores;R$ 73,95;R$ 39,79;https://www.drogariasaopaulo.com.br/promestrieno-10mg-g-generico-eurofarma-30g-20-aplicadores/p;Encontrado
7896112119609;Cimetidina 200mg Genérico Teuto 20 Comprimidos;R$ 33,32;R$ 13,55;https://www.drogariasaopaulo.com.br/cimetidina-200mg-generico-teuto-20-comprimidos/p;Encontrado
7896004713366;Expectorante Acetilcisteína 40mg/ml Genérico EMS 120ml;R$ 43,54;R$ 39,99;https://www.drogariasaopaulo.com.br/acetilcisteina-xarope-40mggenerico-ems-120ml/p;Encontrado
7897211100499;Hidratante Intravaginal K-Y Clínical 30g + 10 Aplicadores;R$ 81,59;R$ 63,86;https://www.drogariasaopaulo.com.br/hidratante-intravaginal-k-y-clinical-30g---10-aplicadores/p;Encontrado
7891721202872;Levotiroxina Sódica 112mcg Genérico Merck S/A 30 Comprimidos;;R$ 20,65;https://www.drogariasaopaulo.com.br/levotiroxina-sodica-112mcg-generico-merck-sharp-30-comprimidos/p;Encontrado
7896331700138;Creme Hidratante Efederm Protetor da Pele 55g;R$ 36,59;R$ 30,19;https://www.drogariasaopaulo.com.br/creme-hidratante-efederm-protetor-da-pele-55g/p;Encontrado
7897947600393;;;;;Não encontrado
7896112432401;Pressat 2,5mg Biolab 30 Comprimidos;R$ 42,32;R$ 39,39;https://www.drogariasaopaulo.com.br/pressat-2-5mg-biolab--30-comprimidos/p;Encontrado
7896637033589;Arpadol 400mg Apsen 30 Comprimidos;R$ 116,69;R$ 105,99;https://www.drogariasaopaulo.com.br/arpadol-400mg-apsen-30-comprimidos/p;Encontrado
7896004701820;Diclofenaco Potássico 50mg Genérico EMS 20 Comprimidos;;;https://www.drogariasaopaulo.com.br/diclofenaco-potassico-50mg-generico-ems-20-comprimidos/p;Encontrado
7899095264267;;;;;Não encontrado
7896658027123;Trezete 10mg + 10mg Aché 30 Comprimidos;R$ 94,40;R$ 73,25;https://www.drogariasaopaulo.com.br/trezete-10mg--10mg-ache-30-comprimidos/p;Encontrado
7897411600010;;;;;Não encontrado
7896112125822;Venaflon 450mg + 50mg Teuto 30 Comprimidos;R$ 105,37;R$ 59,49;https://www.drogariasaopaulo.com.br/venaflon-45050mg-teuto-30-comprimidos/p;Encontrado
7891317007607;Ibandronato de Sódio Monoidratado 150mg Genérico Eurofarma 1 Comprimido;R$ 97,23;R$ 46,36;https://www.drogariasaopaulo.com.br/ibandronato-de-sodio-monoidratado-150mg-generico-eurofarma-1-comprimido/p;Encontrado
7896112126485;Metformina 850mg Genérico Teuto 30 Comprimidos;R$ 12,94;R$ 7,85;https://www.drogariasaopaulo.com.br/metformina-850mg-generico-teuto-30-comprimidos/p;Encontrado
7898148291267;Metformina 500mg Genérico Prati Donaduzzi 30 Comprimidos Revestidos;R$ 7,91;R$ 6,59;https://www.drogariasaopaulo.com.br/metformina-500mg-generico-30-capsulas/p;Encontrado
7898074614857;Ursacol 50mg 30 Comprimidos;R$ 67,13;R$ 60,99;https://www.drogariasaopaulo.com.br/ursacol-50mg-30-comprimidos/p;Encontrado
7896083400928;Fitoterápico Isoflavine 150mg 30 Comprimidos;R$ 150,82;R$ 90,49;https://www.drogariasaopaulo.com.br/isoflavine-150mg-herbarium-30-comprimidos/p;Encontrado
7898100241897;;;;;Não encontrado
7894916148023;Cloridrato de Duloxetina 60mg Genérico Legrand Pharma 30 cápsulas;R$ 124,74;R$ 87,14;https://www.drogariasaopaulo.com.br/cloridrato-de-duloxetina-60mg-generico-legrand-pharma-30-capsulas/p;Encontrado
7896004726694;Suavicid 40g Legrand Pharma 15g;R$ 121,93;R$ 75,90;https://www.drogariasaopaulo.com.br/suavicid-40g-legrand-pharma-15g/p;Encontrado
7896004706290;Expectorante Cloridato Ambroxol 6mg/ml Genérico EMS 120ml;R$ 34,38;R$ 31,59;https://www.drogariasaopaulo.com.br/cloridato-ambroxol-6mg-ml-generico-ems-expectorante-120ml/p;Encontrado
7896714294315;Probiótico Neogermina 2BI Sem Sabor 10 Unidades de 5ml;R$ 36,99;R$ 34,09;https://www.drogariasaopaulo.com.br/probiotico-neogermina-50ml-sem-sabor-10-unidades/p;Encontrado
7898146827895;Olanzapina 10mg Genérico Biolab 30 Comprimidos Revestidos;R$ 285,79;R$ 94,99;https://www.drogariasaopaulo.com.br/olanzapina-10mg-generico-biolab-30-comprimidos-revestidos/p;Encontrado
7897595637512;;;;;Não encontrado
7896004759845;Cloridrato De Sertralina 50mg Genérico Ems 30 Comprimidos Revestidos;R$ 95,69;R$ 18,99;https://www.drogariasaopaulo.com.br/cloridrato-de-sertralina-50mg-generico-ems-30-comprimidos-revestidos/p;Encontrado
7896004773759;Colírio Lubrificante Viofta 0,15% 10ml;;R$ 50,49;https://www.drogariasaopaulo.com.br/viofta-0-15--legrand-10ml-solucao-oftalmica/p;Encontrado
7896112160281;;;;;Não encontrado
7899547511031;Metformina 500mg Genérico Prati 30 Cápsulas de Liberação Prolongada;R$ 10,30;R$ 8,15;https://www.drogariasaopaulo.com.br/metformina-500mg-generico-prati-30-capsulas-de-liberacao-prolongada/p;Encontrado
7896112480709;Xefo 8mg Biolab 20 Comprimidos;;R$ 32,99;https://www.drogariasaopaulo.com.br/xefo-8mg-biolab--20-comprimidos/p;Encontrado
7896672202919;Clenil Jet HFA 250mcg/dose Chiesi 200 Doses Spray;R$ 80,69;R$ 76,99;https://www.drogariasaopaulo.com.br/clenil-jet-hfa-spray-250mcg-200-doses/p;Encontrado
300651481198;Colírio Lubrificante Systane Complete 10ml;R$ 103,99;R$ 83,99;https://www.drogariasaopaulo.com.br/colirio-lubrificante-systane-complete-10ml/p;Encontrado
7899547536119;;;;;Não encontrado
7898593052109;;;;;Não encontrado
7896015560034;;;;;Não encontrado
7891317015121;Mantidan 100mg Eurofarma 30 Comprimidos;R$ 38,94;R$ 34,99;https://www.drogariasaopaulo.com.br/mantidan-100mg-momentanea-farma-30-comprimidos/p;Encontrado
7896004715674;Analgésico e Antitérmico Dipirona Sódica 50mg/ml Genérico EMS 100ml;R$ 19,81;R$ 13,73;https://www.drogariasaopaulo.com.br/dipirona-sodica-solucao-50mgml-generico-ems-100ml/p;Encontrado
7891721029639;Alginac 1000mcg P&G 15 Comprimidos;R$ 37,63;R$ 29,09;https://www.drogariasaopaulo.com.br/alginac-1000-merck-15-comprimidos/p;Encontrado
7896422516921;Alopurinol 100mg Genérico Medley 30 Cápsulas;;R$ 12,36;https://www.drogariasaopaulo.com.br/alopurinol-100mg-generico-medley-30-capsulas/p;Encontrado
7896112100539;Cloridrato de Prometazina 25mg Genérico Teuto 20 Comprimidos Revestidos;R$ 12,06;R$ 6,85;https://www.drogariasaopaulo.com.br/cloridrato-de-prometazina-25mg-generico-teuto-20-comprimidos-revestidos/p;Encontrado
7896714275499;Analgésico, Antiespasmódico e Antitérmico Doralgina 300mg + 30mg + 30mg 4 Comprimidos Revestidos;R$ 4,99;R$ 4,90;https://www.drogariasaopaulo.com.br/analgesico-doralgina--neo-quimica-10-comprimidos-revestidos/p;Encontrado
7896006231103;Desogestrel 75mcg Genérico Uniao Quimica 28 Comprimidos Revestidos;R$ 36,04;R$ 20,09;https://www.drogariasaopaulo.com.br/desogestrel-75mcg-generico-uniao-quimica-28-comprimidos-revestidos/p;Encontrado
7896004731308;Carvedilol 12,5mg Genérico EMS 30 Comprimidos Revestidos;;;https://www.drogariasaopaulo.com.br/carvedilol-125mg-30-comprimidos-revestidos-generico/p;Encontrado
7896637025225;Primidon 100mg Apsen 100 Comprimidos;R$ 99,48;R$ 78,99;https://www.drogariasaopaulo.com.br/primidon-100mg-apsen-100-comprimidos/p;Encontrado
7891106907286;Creme Hidratante Multirrestaurador Bepantol Derma Pele Extrasseca 20g;R$ 38,99;R$ 26,76;https://www.drogariasaopaulo.com.br/creme-hidratante-bepantol-derma-20g/p;Encontrado
7896070601574;Neozine 100mg Sanofi Aventis 20 Comprimidos;R$ 34,27;R$ 27,99;https://www.drogariasaopaulo.com.br/neozine-100mg-sanofi-aventis-20-comprimidos/p;Encontrado
7896523207643;Expectorante Cloridrato de Ambroxol 3mg/ml Genérico Cimed 120ml;;R$ 10,66;https://www.drogariasaopaulo.com.br/ambroxol-3mgml-pediatrico-120ml-xarope-g-cimed/p;Encontrado
7892953003022;Condroflex 400mg + 500mg Zodiac 90 Cápsulas;R$ 206,26;R$ 146,15;https://www.drogariasaopaulo.com.br/condroflex-400-500mg-zodiac-90-capsulas/p;Encontrado
7898168001303;;;;;Não encontrado
7896094928046;AAS Protect 100mg Hypera 30 comprimidos;R$ 23,27;R$ 20,29;https://www.drogariasaopaulo.com.br/aas-protect-100mg-sanofi-aventis-30-comprimidos/p;Encontrado
7898172862914;;;;;Não encontrado
7896090611867;Analgésico e Antitérmico Sonridor Dor e Febre 750mg 20 Comprimidos;;R$ 11,99;https://www.drogariasaopaulo.com.br/analgesico-e-antitermico-sonridor-dor-e-febre-750mg-20-comprimidos/p;Encontrado
7896714291239;Suplemento Alimentar Ômega 3 Neo Química 60 cápsulas;R$ 26,59;R$ 25,69;https://www.drogariasaopaulo.com.br/omega-3-centrotabs-60-capsulas/p;Encontrado
7896112116929;;;;;Não encontrado
7891317121235;Olmesartana Medoxomila 40mg Genérico Eurofarma 30 Comprimidos;R$ 53,72;R$ 37,19;https://www.drogariasaopaulo.com.br/olmesartana-medoxomila-40mg-generico-eurofarma-30-comprimidos/p;Encontrado
7896331707014;;;;;Não encontrado
7896658039195;Deller 50mg Aché 60 Comprimidos;R$ 137,01;R$ 117,99;https://www.drogariasaopaulo.com.br/deller-50mg-ache-60-comprimidos/p;Encontrado
7899547500257;Orlistate 120mg Genérico Prati-Donaduzzi 84 Cápsulas;R$ 386,76;R$ 117,59;https://www.drogariasaopaulo.com.br/orlistate-120mg-generico-prati-donaduzzi-84-capsulas/p;Encontrado
7898146824061;;;;;Erro: TimeoutError
8903855084961;Veepi 250mg Torrent Pharma 60 Comprimidos Revestidos;R$ 88,86;R$ 69,99;https://www.drogariasaopaulo.com.br/veepi-250mg-torrent-pharma-60-comprimidos-revestidos/p;Encontrado
7899547500233;Orlistate 120mg Genérico Prati-Donaduzzi 42 Cápsulas;R$ 193,36;R$ 80,99;https://www.drogariasaopaulo.com.br/orlistate-120mg-generico-prati-donaduzzi-42-capsulas/p;Encontrado
7896004706313;Predsinona 20mg Genérico EMS 10 Comprimidos;R$ 26,20;R$ 11,59;https://www.drogariasaopaulo.com.br/predsinona-20mg-generico-ems-10-comprimidos/p;Encontrado
7898565164458;;;;;Não encontrado
7896004706795;Losartana Potássica 50mg Genérico EMS 30 Comprimidos;R$ 20,50;R$ 5,99;https://www.drogariasaopaulo.com.br/losartana-potassica-50mg-generico-ems-30-comprimidos/p;Encontrado
7896004782546;Analgésico e Antitérmico Dipirona Monoidratada 1g Genérico EMS 10 Comprimidos;;R$ 10,66;https://www.drogariasaopaulo.com.br/dipirona-monoidratada-comprimido-1000mg-generico-ems-10-comprimidos/p;Encontrado
7896523216447;Analgésico, Anestésico e Anti-Inflamatório Ciflogex 3mg 12 Pastilhas Menta e Limão;R$ 22,63;R$ 12,90;https://www.drogariasaopaulo.com.br/ciflogex-menta-e-limao-3mg-cimed-12-pastilhas/p;Encontrado
7896004747880;Celecoxibe 200mg Genérico EMS 10 Cápsulas Duras;R$ 49,66;R$ 40,59;https://www.drogariasaopaulo.com.br/celecoxibe-200mg-generico-ems-10-capsulas-duras/p;Encontrado
7898029550827;Triplixam 10mg + 2,5mg + 5mg Servier 30 Comprimidos;;R$ 129,83;https://www.drogariasaopaulo.com.br/triplixam-10mg--2-5mg-5mg-servier-30-comprimidos/p;Encontrado
7898040329761;;;;;Não encontrado
7896714294285;Hemifumarato de Bisoprolol 5mg Genérico Neo Química 30 Comprimidos Revestidos;;;https://www.drogariasaopaulo.com.br/hemifumarato-de-bisoprolol-5mg-generico-neo-quimica-30-comprimidos-revestidos/p;Encontrado
7898074610453;Analgésico e Antitérmico Spidufen 770mg 10 Comprimidos Revestidos;R$ 37,76;R$ 30,21;https://www.drogariasaopaulo.com.br/spidufen-770mg-zambon-10-comprimidos/p;Encontrado
7896004730189;Cloridrato de Ciclobenzaprina 10mg Genérico EMS 30 Comprimidos;R$ 42,73;R$ 16,99;https://www.drogariasaopaulo.com.br/cloridrato-de-ciclobenzaprina-10mg-generico-ems-30-comprimidos/p;Encontrado
7891721015366;Diclin 2mg+35mg Merck S/A 63 comprimidos revestidos;R$ 61,31;R$ 51,99;https://www.drogariasaopaulo.com.br/diclin-2mg35mg-merck-sharp-63-comprimidos-revestidos/p;Encontrado
7898430194504;;;;;Não encontrado
8903855083391;Olmecor Triplo 20mg + 5mg + 12,5mg Torrent 30 Comprimidos Revestidos;R$ 146,94;R$ 123,74;https://www.drogariasaopaulo.com.br/olmecor-triplo-20mg-torrent-30-comprimidos-revestidos/p;Encontrado
7898040328900;Base Fortalecedora Clotrimix Unhas FQM 7ml;;;https://www.drogariasaopaulo.com.br/base-fortalecedora-clotrimix-unhas-7ml/p;Encontrado
7896112122692;;;;;Não encontrado
7896004772332;Antitussígenos Fendizoato de Cloperastina 3,54mg/ml Genérico EMS 120ml;R$ 25,86;R$ 25,59;https://www.drogariasaopaulo.com.br/fendizoato-de-cloperastina-3-54mg-ml-generico-ems-1-frasco-120ml---copo/p;Encontrado
7896004784083;Bilastina 20mg Genérico EMS 30 Comprimidos;;R$ 85,49;https://www.drogariasaopaulo.com.br/bilastina-20mg-generico-ems-30-comprimidos/p;Encontrado
7896026306126;Striverdi Respimat 2,5mcg/puff Boehringer 4ml Solução Inalação Oral;R$ 202,29;R$ 186,99;https://www.drogariasaopaulo.com.br/striverdi-respimat-boehringer-4ml/p;Encontrado
7896094927469;Mix de Fibras Tamarine Fibras Max Sem Sabor 225g + Colher Dosadora;R$ 123,99;R$ 108,29;https://www.drogariasaopaulo.com.br/mix-de-fibras-po-sem-sabor-tamarine-fibras-max-pote-225g--hypermarcas/p;Encontrado
7891317448653;Risperidona 1mg Genérico Eurofarma 30 Comprimidos;R$ 30,23;R$ 13,24;https://www.drogariasaopaulo.com.br/risperidona-1mg-eurofarma-generico-30-comprimidos/p;Encontrado
7898593050488;;;;;Não encontrado
7896015560300;Antiácido Sal de Fruta Eno Tradicional 100g;R$ 30,42;R$ 19,90;https://www.drogariasaopaulo.com.br/sal-de-fruta-eno-frasco-100g/p;Encontrado
7896714296074;Dipirona Monoidratada 500mg/ml Genérico Neo Química Abacaxi 20ml Gotas;;;https://www.drogariasaopaulo.com.br/dipirona-monoidratada-500mg-ml-generico-neo-quimica-abacaxi-20ml-gotas/p;Encontrado
7898906376410;Tiorfan 100mg Bagó 9 Cápsulas;R$ 56,27;R$ 49,29;https://www.drogariasaopaulo.com.br/tiorfan-100mg-bago-9-capsulas/p;Encontrado
7891317426941;;;;;Não encontrado
8903855092805;Rosucor EZE 20mg + 10mg Torrent 30 Comprimidos;R$ 110,04;R$ 99,98;https://www.drogariasaopaulo.com.br/rosucor-eze-20mg-10mg-torrent-30-comprimidos/p;Encontrado
7891317137359;Celecoxibe 200mg Genérico Eurofarma 10 Cápsulas;R$ 49,68;R$ 32,39;https://www.drogariasaopaulo.com.br/celecoxibe-200mg-generico-eurofarma-10-capsulas/p;Encontrado
7896112407409;Suplemento Alimentar Coedez Biolab 30 Cápsulas;;R$ 202,99;https://www.drogariasaopaulo.com.br/suplemento-alimentar-coedez-biolab-30-capsulas/p;Encontrado
7896004751016;Succinato de Desvenlafaxina Monoidratado 100mg Genérico EMS 30 Comprimidos;R$ 164,66;R$ 81,98;https://www.drogariasaopaulo.com.br/succinato-de-desvenlafaxina-monoidratado-100mg-generico-ems-30-comprimidos/p;Encontrado
7500435185028;Multivitamínico para Gravidez Femibion 2 28 Comprimidos + 28 Cápsulas;R$ 159,99;R$ 127,99;https://www.drogariasaopaulo.com.br/femibion-2-28-comprimidos-procter/p;Encontrado
7891317473679;Lamotrigina 50mg Genérico Eurofarma 30 Comprimidos;R$ 45,69;R$ 21,72;https://www.drogariasaopaulo.com.br/lamotrigina-50mg-generico-eurofarma-30-comprimidos/p;Encontrado
7896082900276;;;;;Não encontrado
7896093001054;;;;;Não encontrado
7896331705140;Enxaguante Bucal Periotrat Menta 250ml;R$ 29,99;R$ 27,90;https://www.drogariasaopaulo.com.br/enxaguante-bucal-periotrat-sem-alcool-250ml-/p;Encontrado
7896006297369;Femiane 0,075mg + 0,02mg Genom 63 Drágeas;R$ 143,32;R$ 142,99;https://www.drogariasaopaulo.com.br/femiane-0075mg-002mg-genom-63-drageas/p;Encontrado
7891158106637;Suplemento Alimentar Zafolat Plus Abbott 90 Cápsulas;R$ 212,59;R$ 203,99;https://www.drogariasaopaulo.com.br/suplemento-alimentar-zafolat-plus-abbott-90-capsulas/p;Encontrado
7896112102960;;;;;Não encontrado
7896094929401;Antialérgico e Descongestionante Descon 2mg/ml + 2,5mg/ml 20ml;;R$ 12,99;https://www.drogariasaopaulo.com.br/descon-2mg-ml-uva-mantecorp-farmasa-20ml-solucao-gotas-/p;Encontrado
7896658035944;Descongestionante Sorine Jet Baby 0,9% 100ml;;;https://www.drogariasaopaulo.com.br/sorine-jet-baby-0-9-ache-solucao-nasal-100ml/p;Encontrado
7897595901187;;;;;Não encontrado
7898581710523;Noripurum 50mg/ml Blanver 30ml Gotas;R$ 47,54;R$ 41,17;https://www.drogariasaopaulo.com.br/noripurum-gotas-takeda-30ml/p;Encontrado
7897947601161;Melatonina Lavitan Maracujá 90 Comprimidos;R$ 29,59;R$ 28,29;https://www.drogariasaopaulo.com.br/suplemento-alimentar-melatonina-lavitan-maracuja-90-comprimidos/p;Encontrado
7896112409557;Succinato de Sumatriptana 50mg Biolab 6 Comprimidos Revestidos;;;https://www.drogariasaopaulo.com.br/succinato-de-sumatriptana-50mg-biolab-6-comprimidos-revestidos/p;Encontrado
7898146826867;Stub 0,4mg Biolab 30 Cápsulas;R$ 145,68;R$ 131,99;https://www.drogariasaopaulo.com.br/stub-0-4mg-eurofarma-30-capsulas/p;Encontrado
7896422522823;Antigases Simeticona 40mg Genérico Medley 20 Comprimidos;R$ 12,59;R$ 10,14;https://www.drogariasaopaulo.com.br/antigases-simeticona-40mg-generico-medley-20-comprimidos/p;Encontrado
7897917006163;;;;;Não encontrado
7891317031275;Probiótico 20 Bi Eurofarma 10 Cápsulas;;R$ 92,99;https://www.drogariasaopaulo.com.br/probiotico-20-bi-eurofarma-10-capsulas-/p;Encontrado
7896004712147;Dexametasona 4,0mg Genérico EMS 10 Comprimdos;R$ 15,76;R$ 9,29;https://www.drogariasaopaulo.com.br/dexametasona-40mg-generico-ems-10-comprimdos/p;Encontrado
7896658027130;Trezete 20mg + 10mg Aché 30 Comprimidos;R$ 133,48;R$ 100,97;https://www.drogariasaopaulo.com.br/trezete-20mg--10mg-ache-30-comprimidos/p;Encontrado
7891317434328;Topiramato 25mg Genérico Eurofarma 60 Comprimidos;R$ 101,87;R$ 25,19;https://www.drogariasaopaulo.com.br/topiramato-25mg-generico-eurofarma-60-comprimidos/p;Encontrado
7891317025786;;;;;Não encontrado
7897930000735;;;;;Não encontrado
7891104193087;;;;;Não encontrado
7898948648131;Utrogestan 100mg Besins Healthcare 30 Comprimidos;R$ 86,20;R$ 64,99;https://www.drogariasaopaulo.com.br/utrogestan-100mg-besins-healthcare-30-comprimidos/p;Encontrado
7892953208809;Lacotem 50mg Zodiac 30 Comprimidos Revestidos;R$ 98,25;R$ 74,12;https://www.drogariasaopaulo.com.br/lacotem-50mg-zodiac-30-comprimidos-revestidos/p;Encontrado
7896422504454;Antibacteriano Sulfato de Neomicina 5mg + Bacitracina 250UI/g Genérico Medley 15g;R$ 14,18;R$ 12,39;https://www.drogariasaopaulo.com.br/sulfato-neomicina-bacitracina-pomada-15g-generico/p;Encontrado
7896004715841;Analgésico e Antitérmico Dipirona Sódica 500mg/ml Genérico EMS 10ml;R$ 8,52;R$ 3,79;https://www.drogariasaopaulo.com.br/dipirona-sodica-gotas-500mg-generico-ems-10ml/p;Encontrado
7896004716701;;;;;Não encontrado
7896112409380;;;;;Não encontrado
7896261000834;Trileptal 300mg Novartis Biociências 20 Comprimidos;R$ 84,50;R$ 84,05;https://www.drogariasaopaulo.com.br/trileptal-300mg-novartis-biociencias-20-comprimidos/p;Encontrado
7896006259732;Acetilcisteína 100mg/ml Genérico União Química 3ml Com 5 Ampolas Intramuscular;;R$ 22,68;https://www.drogariasaopaulo.com.br/acetilcisteina-intramuscular-100mg-generico-uniao-quimica-5x3ml/p;Encontrado
7896181920410;Corus 50mg Biosintética 30 Comprimidos Revestidos;R$ 14,75;R$ 6,72;https://www.drogariasaopaulo.com.br/corus-50mg-30-comprimidos-revestidos/p;Encontrado
7908134200453;Slinda 4mg Exeltis 28 Comprimidos;R$ 128,57;R$ 111,19;https://www.drogariasaopaulo.com.br/slinda-24mg-exeltis-28-comprimidos/p;Encontrado
7896658029608;Deller 100mg Aché 30 Comprimidos Revestidos;R$ 103,60;R$ 85,63;https://www.drogariasaopaulo.com.br/deller-100mg-30-comprimidos-revestidos/p;Encontrado
7897411600423;Benicar Triplo 40mg + 25mg + 10mg Daiichi Sankyo 30 Comprimidos;R$ 192,67;R$ 167,30;https://www.drogariasaopaulo.com.br/benicar-triplo-40mg-25mg--10mg-daiichi-sankyo-30-comprimidos/p;Encontrado
7896006201649;Miranova 0,10mg + 0,02mg Bayer 21 Drágeas;R$ 30,50;R$ 27,99;https://www.drogariasaopaulo.com.br/miranova-bayer-21-drageas/p;Encontrado
7898040323844;Probiatop 30 Sachês;R$ 182,59;R$ 167,70;https://www.drogariasaopaulo.com.br/probiatop-30-saches/p;Encontrado
7896004780511;Rivaroxabana 20mg Genérico EMS 30 Comprimidos Revestidos;R$ 242,26;R$ 74,98;https://www.drogariasaopaulo.com.br/rivaroxabana-20mg-generico-ems-30-comprimidos-revestidos/p;Encontrado
7896094200432;Sumax 50mg Libbs 2 Comprimidos;R$ 33,81;R$ 27,99;https://www.drogariasaopaulo.com.br/sumax-50mg-libbs-2-comprimidos/p;Encontrado
7898075311854;Antiácido Magnazia 37mg/ml + 40mg/ml + 5mg/ml 240ml;R$ 29,99;R$ 25,59;https://www.drogariasaopaulo.com.br/magnazia-cifarma-suspensao-oral-240ml/p;Encontrado
7896004790152;;;;;Não encontrado
7896523206783;Antibiótico Nebacimed 5mg/g + 250UI/g 15g;;;https://www.drogariasaopaulo.com.br/nebacimed-cimed-15g-pomada/p;Encontrado
7899095204430;;;;;Não encontrado
7896004782744;;;;;Não encontrado
7891317452650;Trok-G 0,64mg/g + 1mg/g Eurofarma 30g Creme;;R$ 28,99;https://www.drogariasaopaulo.com.br/trok-g-creme-eurofarma-30g/p;Encontrado
7896422514644;Clonazepam 0,5mg Genérico Medley 30 Comprimidos;R$ 10,22;R$ 7,08;https://www.drogariasaopaulo.com.br/clonazepam-0-5mg-medley-30-comprimidos/p;Encontrado
7896094208896;Vatis 300mg Libbs 60 Comprimidos;R$ 183,31;R$ 149,99;https://www.drogariasaopaulo.com.br/vatis-300mg-libbs-60-comprimidos/p;Encontrado
7898928257032;Para Parar De Fumar NiQuitin 21mg 7 Adesivos Transparentes;R$ 132,44;R$ 128,59;https://www.drogariasaopaulo.com.br/niquitin-21mg-perrigo-7-adesivos-transparentes/p;Encontrado
7891317007836;Ceftriaxona 1g Genérico Eurofarma 3,5ml 1 Ampola Injetável + Diluente;R$ 45,47;R$ 29,29;https://www.drogariasaopaulo.com.br/ceftriaxona-intra-muscular-eurofarma-1-0gr-1-ampola-diluente/p;Encontrado
7896006297765;;;;;Não encontrado
7896004715322;Alendronato Sódico 70mg Genérico EMS 4 Comprimidos;R$ 101,73;R$ 19,79;https://www.drogariasaopaulo.com.br/alendronato-sodico-70mg-generico-ems-4-comprimidos/p;Encontrado
8902220109599;Rosucor 20mg Torrent 60 comprimidos revestidos;R$ 140,41;R$ 99,49;https://www.drogariasaopaulo.com.br/rosucor-20mg-torrent-60-comprimidos-revestidos/p;Encontrado
7891106912471;;;;;Não encontrado
7896004762364;Gliclazida 60mg Genérico EMS 60 comprimidos;R$ 116,77;R$ 65,09;https://www.drogariasaopaulo.com.br/gliclazida-60mg-generico-ems-60-comprimidos/p;Encontrado
7896006290988;Colírio Ster 10mg/ml União Química 5ml;R$ 32,72;R$ 31,99;https://www.drogariasaopaulo.com.br/ster-colirio-10mg-uniao-quimica-5ml/p;Encontrado
7896472519156;;;;;Não encontrado
7896026300155;;;;;Não encontrado
7896331702620;;;;;Não encontrado
7898958836887;;;;;Não encontrado
7896112126768;Nimesulida 50mg/ml Genérico Teuto 15ml Suspensão Oral;;;https://www.drogariasaopaulo.com.br/nimesulida-suspensao-oral-50mg-ml-generico-teuto-15ml/p;Encontrado
7896004780184;;;;;Não encontrado
7896004757957;Dorzal 20mg/ml Legrand 5ml;;R$ 84,47;https://www.drogariasaopaulo.com.br/dorzal-20mg-solucao-oftalmica-5ml-legrand-pharma/p;Encontrado
7896004705606;Cetoconazol 20mg/g + Dipropionato Betametasona 0,5mg/g + Sulfato de Neomicina 2,5mg/g Genérico EMS 30g Creme;R$ 29,91;R$ 7,38;https://www.drogariasaopaulo.com.br/cetoconazol-dipropionato-betametasona-sulfato-de-neomicina-20mgg-creme-30g/p;Encontrado
7896422515368;Furoato de Mometasona 1mg Genérico Medley 20g Pomada;R$ 42,10;R$ 41,99;https://www.drogariasaopaulo.com.br/furoato-de-mometasona-0-10-20gr-medley-pomada/p;Encontrado
7891317028107;Vascor MR 35mg Eurofarma 60 Comprimidos Revestidos De Liberação Prolongada;R$ 102,55;R$ 90,99;https://www.drogariasaopaulo.com.br/vascor-mr-35mg-eurofarma-60-comprimidos-revestidos-de-liberacao-prolongada/p;Encontrado
07898722820364;;;;;Não encontrado
7896261000223;;;;;Não encontrado
4987188568712;Adesivo para Alívio da Febre Hisamitsu Bye Bye Fever para Bebês 2 Unidades;R$ 15,99;R$ 11,12;https://www.drogariasaopaulo.com.br/adesivo-para-alivio-da-febre-hisamitsu-bye-bye-fever-para-bebes-2-unidades/p;Encontrado
7896523202822;Antialérgico Loratamed 10mg 12 Comprimidos;R$ 22,44;R$ 8,69;https://www.drogariasaopaulo.com.br/loratamed-10mg-cimed-12-comprimidos/p;Encontrado
7891317005269;Desloratadina 5mg Genérico Eurofarma 10 Comprimidos;R$ 52,56;R$ 24,67;https://www.drogariasaopaulo.com.br/desloratadina-5mg-generico-eurofarma-10-comprimidos/p;Encontrado
7896004723563;Domperidona 10mg Genérico EMS 30 Comprimidos;R$ 22,80;R$ 11,89;https://www.drogariasaopaulo.com.br/domperidona-10mg-generico-30-comprimidos/p;Encontrado
7896637023115;Meclin 25mg Apsen 15 Comprimidos;R$ 29,65;R$ 28,90;https://www.drogariasaopaulo.com.br/meclin-25mg-apsen-15-comprimidos/p;Encontrado
7896658008825;Levoid 100mcg Aché 30 Comprimidos;R$ 18,04;R$ 16,42;https://www.drogariasaopaulo.com.br/levoid-100mcg-ache-30-comprimidos/p;Encontrado
7896112171355;;;;;Não encontrado
7894916141499;Dexametasona 4mg Genérico Legrand 10 Comprimidos;R$ 16,91;R$ 9,14;https://www.drogariasaopaulo.com.br/dexametasona-4mg-generico-legrand-10-comprimidos/p;Encontrado
7896181900122;Atenolol 25mg Genérico Biosintética 30 Comprimidos;R$ 12,93;R$ 2,11;https://www.drogariasaopaulo.com.br/atenolol-25mg-generico-biosintetica-30-comprimidos/p;Encontrado
7896112403173;Levonorgestrel 0,15mg + Etinilestradiol 0,03mg Genérico Biolab 63 Comprimidos;R$ 23,24;R$ 17,74;https://www.drogariasaopaulo.com.br/levonorgestrel---etinilestradiol-0-15mg---0-03mg-generico-biolab-63-comprimidos/p;Encontrado
7908134200712;Suplemento Alimentar Regenesis Premium 60 Cápsulas;R$ 168,59;R$ 159,94;https://www.drogariasaopaulo.com.br/regenesis-premium-60-capsulas/p;Encontrado
